{
  "original": {
    "accuracy": 92.65750828991,
    "ece": 0.09190866881244725,
    "mce": 0.3224099203944206,
    "avg_confidence": 0.8434965583892413,
    "confidence_std": 0.14772915260527852
  },
  "temperature": {
    "accuracy": 92.65750828991,
    "ece": 0.04845308548802166,
    "mce": 0.3106996715068817,
    "avg_confidence": 0.8913443610036842,
    "confidence_std": 0.14228692350562838
  },
  "platt": {
    "accuracy": 92.65750828991,
    "ece": 0.07993521873474342,
    "mce": 0.306483194231987,
    "avg_confidence": 0.8676678854345654,
    "confidence_std": 0.10890039206406646
  },
  "isotonic": {
    "accuracy": 92.61013737565135,
    "ece": 0.014553898462804225,
    "mce": 0.19365669786930084,
    "avg_confidence": 0.9329675884537084,
    "confidence_std": 0.14237158834037528
  }
}